{
  "accuracy": 0.40203192830085754,
  "loss": 1.174714207649231,
  "val_accuracy": 0.4351145029067993,
  "val_loss": 1.1241800785064697,
  "epoch": 1,
  "global_step": 174
}