{
  "accuracy": 0.3973149359226227,
  "loss": 1.158728837966919,
  "val_accuracy": 0.4236641228199005,
  "val_loss": 1.1195834875106812,
  "epoch": 1,
  "global_step": 174
}