{
  "accuracy": 0.4118287265300751,
  "loss": 1.188122272491455,
  "val_accuracy": 0.4236641228199005,
  "val_loss": 1.1358498334884644,
  "epoch": 1,
  "global_step": 174
}