{
  "accuracy": 0.3864296078681946,
  "loss": 1.1427327394485474,
  "val_accuracy": 0.4236641228199005,
  "val_loss": 1.1076700687408447,
  "epoch": 1,
  "global_step": 174
}