{
  "accuracy": 0.39150944352149963,
  "loss": 1.1566280126571655,
  "val_accuracy": 0.30534350872039795,
  "val_loss": 1.132474422454834,
  "epoch": 1,
  "global_step": 174
}